<!ENTITY eacute "&#233;">
<!ENTITY uuml "&#252;">
<!ENTITY auml "&#228;">
<!ENTITY reg  "&#174;">
<!ENTITY copy "&#169;"> 

<!ENTITY core.prefix "Core">
<!ENTITY html.prefix "HTML">
<!ENTITY views.prefix "Views">
<!ENTITY style.prefix "Style">
<!ENTITY events.prefix "Events">
<!ENTITY traversal-range.prefix "Traversal-Range">

<!-- default prefix is empty -->
<!ENTITY prefix "">

<!-- date of documents -->
<!ENTITY date.day "13">
<!ENTITY date.month "November">
<!ENTITY date.monthnum "11"> 
<!ENTITY date.year "2000"> 
<!ENTITY doc.date "&date.year;&date.monthnum;&date.day;"> 
<!ENTITY dom2.prefix "DOM-Level-2">
<!ENTITY dom.prefix "REC-&dom2.prefix;">
<!ENTITY doc.prefix "&dom.prefix;-&prefix;">

<!-- ***** Use this for internal release
<!ENTITY release "confidential to W3C members and invited experts"> 
<!ENTITY review "<emph role='important'>DOM IG</emph>"> 
<!ENTITY to-mail "w3c-dom-ig@w3.org"> 
<!ENTITY mailarchive "http://lists.w3.org/Archives/Member/w3c-dom-ig/"> 
<!ENTITY tr.url "http://www.w3.org/DOM/Group/drafts">
<!ENTITY this.url "&tr.url;/&date.year;/&doc.prefix;-&doc.date;"> 
<!ENTITY pdf.loc "">
<!ENTITY txt.loc "">
<!ENTITY prev.url "http://www.w3.org/DOM/Group/drafts/2000/CR-&dom2.prefix;-&prefix;-200000809/">
<!ENTITY prev.locs "&prev.loc;">

 ***** -->

<!-- ***** Use this for public release -->
<!ENTITY release "for public review"> 
<!ENTITY review "public"> 
<!ENTITY to-mail "www-dom@w3.org"> 
<!ENTITY mailarchive "http://lists.w3.org/Archives/Public/www-dom/"> 
<!ENTITY translation.url "http://www.w3.org/2000/11/&dom2.prefix;-translations"> 
<!ENTITY errata.url "http://www.w3.org/2000/11/&dom2.prefix;-errata"> 
<!ENTITY tr.url "http://www.w3.org/TR">
<!ENTITY this.url "&tr.url;/&date.year;/&doc.prefix;-&doc.date;"> 
<!ENTITY pdf.loc "<loc href='&this.url;/DOM2-&prefix;.pdf'>PDF file</loc>">
<!ENTITY txt.loc "<loc href='&this.url;/DOM2-&prefix;.txt'>plain text</loc>">

<!ENTITY prev.url "http://www.w3.org/TR/2000/PR-&dom2.prefix;-&prefix;-20000927">
<!ENTITY prev.locs "&prev.loc;">
<!-- ***** -->

<!ENTITY core.url "&tr.url;/&date.year;/&dom.prefix;-&core.prefix;-&doc.date;"> 
<!ENTITY html.url "&tr.url;/&date.year;/&dom.prefix;-&html.prefix;-&doc.date;"> 
<!ENTITY views.url "&tr.url;/&date.year;/&dom.prefix;-&views.prefix;-&doc.date;"> 
<!ENTITY style.url "&tr.url;/&date.year;/&dom.prefix;-&style.prefix;-&doc.date;"> 
<!ENTITY events.url "&tr.url;/&date.year;/&dom.prefix;-&events.prefix;-&doc.date;"> 
<!ENTITY traversal-range.url "&tr.url;/&date.year;/&dom.prefix;-&traversal-range.prefix;-&doc.date;"> 

<!ENTITY latest.url "&tr.url;/&dom2.prefix;-&prefix;">
<!ENTITY core.latest.url "&tr.url;/&dom2.prefix;-&core.prefix;"> 
<!ENTITY html.latest.url "&tr.url;/&dom2.prefix;-&html.prefix;"> 
<!ENTITY views.latest.url "&tr.url;/&dom2.prefix;-&views.prefix;"> 
<!ENTITY style.latest.url "&tr.url;/&dom2.prefix;-&style.prefix;"> 
<!ENTITY events.latest.url "&tr.url;/&dom2.prefix;-&events.prefix;"> 
<!ENTITY traversal-range.latest.url "&tr.url;/&dom2.prefix;-&traversal-range.prefix;"> 

<!ENTITY zip.loc "<loc href='&this.url;/DOM2-&prefix;.zip'>ZIP file</loc>">
<!ENTITY ps.loc "<loc href='&this.url;/DOM2-&prefix;.ps'>PostScript file</loc>">
<!ENTITY prev.loc "<loc href='&prev.url;'>&prev.url;</loc>">
